{
  "checksum": "dab634c939af363205ad799c1ab2b110",
  "root": "flex@link-dev:./package.json",
  "node": {
    "refmterr@3.3.0@d41d8cd9": {
      "id": "refmterr@3.3.0@d41d8cd9",
      "name": "refmterr",
      "version": "3.3.0",
      "source": {
        "type": "install",
        "source": [
          "archive:https://registry.npmjs.org/refmterr/-/refmterr-3.3.0.tgz#sha1:45adde80205093c201b491b3c37dd7740c9b036b"
        ]
      },
      "overrides": [],
      "dependencies": [
        "ocaml@4.7.1004@d41d8cd9", "@reason-native/pastel@0.3.0@d41d8cd9",
        "@reason-native/console@0.1.0@d41d8cd9",
        "@opam/re@opam:1.9.0@d4d5e13d", "@opam/dune@opam:2.3.1@b10b59bf",
        "@opam/atdgen@opam:2.0.0@46af0360",
        "@esy-ocaml/reason@3.5.2@d41d8cd9"
      ],
      "devDependencies": []
    },
    "ocaml@4.7.1004@d41d8cd9": {
      "id": "ocaml@4.7.1004@d41d8cd9",
      "name": "ocaml",
      "version": "4.7.1004",
      "source": {
        "type": "install",
        "source": [
          "archive:https://registry.npmjs.org/ocaml/-/ocaml-4.7.1004.tgz#sha1:731ca0ddb4d845d2ed2da8af50f70c5ba9092114"
        ]
      },
      "overrides": [],
      "dependencies": [],
      "devDependencies": []
    },
    "flex@link-dev:./package.json": {
      "id": "flex@link-dev:./package.json",
      "name": "flex",
      "version": "link-dev:./package.json",
      "source": {
        "type": "link-dev",
        "path": ".",
        "manifest": "package.json"
      },
      "overrides": [],
      "dependencies": [
        "ocaml@4.7.1004@d41d8cd9", "@opam/dune@opam:2.3.1@b10b59bf",
        "@esy-ocaml/reason@3.5.2@d41d8cd9"
      ],
      "devDependencies": [
        "refmterr@3.3.0@d41d8cd9", "ocaml@4.7.1004@d41d8cd9",
        "@opam/odoc@opam:1.5.0@35218f5f", "@opam/merlin@opam:3.3.3@d653b06a",
        "@opam/js_of_ocaml-ppx@opam:3.5.2@db6331d4",
        "@opam/js_of_ocaml-lwt@opam:3.5.2@6ea3e3c2",
        "@opam/js_of_ocaml@opam:3.5.2@c5bae178"
      ]
    },
    "@reason-native/pastel@0.3.0@d41d8cd9": {
      "id": "@reason-native/pastel@0.3.0@d41d8cd9",
      "name": "@reason-native/pastel",
      "version": "0.3.0",
      "source": {
        "type": "install",
        "source": [
          "archive:https://registry.npmjs.org/@reason-native/pastel/-/pastel-0.3.0.tgz#sha1:07da3c5a0933e61bc3b353bc85aa71ac7c0f311c"
        ]
      },
      "overrides": [],
      "dependencies": [
        "ocaml@4.7.1004@d41d8cd9", "@opam/re@opam:1.9.0@d4d5e13d",
        "@opam/dune@opam:2.3.1@b10b59bf", "@esy-ocaml/reason@3.5.2@d41d8cd9"
      ],
      "devDependencies": []
    },
    "@reason-native/console@0.1.0@d41d8cd9": {
      "id": "@reason-native/console@0.1.0@d41d8cd9",
      "name": "@reason-native/console",
      "version": "0.1.0",
      "source": {
        "type": "install",
        "source": [
          "archive:https://registry.npmjs.org/@reason-native/console/-/console-0.1.0.tgz#sha1:3b56f0e9e1be8464329793df29020aa90e71c22c"
        ]
      },
      "overrides": [],
      "dependencies": [
        "ocaml@4.7.1004@d41d8cd9", "@opam/dune@opam:2.3.1@b10b59bf",
        "@esy-ocaml/reason@3.5.2@d41d8cd9"
      ],
      "devDependencies": []
    },
    "@opam/yojson@opam:1.7.0@7056d985": {
      "id": "@opam/yojson@opam:1.7.0@7056d985",
      "name": "@opam/yojson",
      "version": "opam:1.7.0",
      "source": {
        "type": "install",
        "source": [
          "archive:https://opam.ocaml.org/cache/md5/b8/b89d39ca3f8c532abe5f547ad3b8f84d#md5:b89d39ca3f8c532abe5f547ad3b8f84d",
          "archive:https://github.com/ocaml-community/yojson/releases/download/1.7.0/yojson-1.7.0.tbz#md5:b89d39ca3f8c532abe5f547ad3b8f84d"
        ],
        "opam": {
          "name": "yojson",
          "version": "1.7.0",
          "path": "esy.lock/opam/yojson.1.7.0"
        }
      },
      "overrides": [],
      "dependencies": [
        "ocaml@4.7.1004@d41d8cd9", "@opam/easy-format@opam:1.3.2@0484b3c4",
        "@opam/dune@opam:2.3.1@b10b59bf", "@opam/cppo@opam:1.6.6@f4f83858",
        "@opam/biniou@opam:1.2.1@d7570399",
        "@esy-ocaml/substs@0.0.1@d41d8cd9"
      ],
      "devDependencies": [
        "ocaml@4.7.1004@d41d8cd9", "@opam/easy-format@opam:1.3.2@0484b3c4",
        "@opam/dune@opam:2.3.1@b10b59bf", "@opam/biniou@opam:1.2.1@d7570399"
      ]
    },
    "@opam/uutf@opam:1.0.2@4440868f": {
      "id": "@opam/uutf@opam:1.0.2@4440868f",
      "name": "@opam/uutf",
      "version": "opam:1.0.2",
      "source": {
        "type": "install",
        "source": [
          "archive:https://opam.ocaml.org/cache/md5/a7/a7c542405a39630c689a82bd7ef2292c#md5:a7c542405a39630c689a82bd7ef2292c",
          "archive:http://erratique.ch/software/uutf/releases/uutf-1.0.2.tbz#md5:a7c542405a39630c689a82bd7ef2292c"
        ],
        "opam": {
          "name": "uutf",
          "version": "1.0.2",
          "path": "esy.lock/opam/uutf.1.0.2"
        }
      },
      "overrides": [],
      "dependencies": [
        "ocaml@4.7.1004@d41d8cd9", "@opam/uchar@opam:0.0.2@c8218eea",
        "@opam/topkg@opam:1.0.1@a42c631e",
        "@opam/ocamlfind@opam:1.8.1@ff07b0f9",
        "@opam/ocamlbuild@opam:0.14.0@6ac75d03",
        "@opam/cmdliner@opam:1.0.4@93208aac",
        "@esy-ocaml/substs@0.0.1@d41d8cd9"
      ],
      "devDependencies": [
        "ocaml@4.7.1004@d41d8cd9", "@opam/uchar@opam:0.0.2@c8218eea"
      ]
    },
    "@opam/uchar@opam:0.0.2@c8218eea": {
      "id": "@opam/uchar@opam:0.0.2@c8218eea",
      "name": "@opam/uchar",
      "version": "opam:0.0.2",
      "source": {
        "type": "install",
        "source": [
          "archive:https://opam.ocaml.org/cache/md5/c9/c9ba2c738d264c420c642f7bb1cf4a36#md5:c9ba2c738d264c420c642f7bb1cf4a36",
          "archive:https://github.com/ocaml/uchar/releases/download/v0.0.2/uchar-0.0.2.tbz#md5:c9ba2c738d264c420c642f7bb1cf4a36"
        ],
        "opam": {
          "name": "uchar",
          "version": "0.0.2",
          "path": "esy.lock/opam/uchar.0.0.2"
        }
      },
      "overrides": [],
      "dependencies": [
        "ocaml@4.7.1004@d41d8cd9", "@opam/ocamlbuild@opam:0.14.0@6ac75d03",
        "@esy-ocaml/substs@0.0.1@d41d8cd9"
      ],
      "devDependencies": [ "ocaml@4.7.1004@d41d8cd9" ]
    },
    "@opam/tyxml@opam:4.3.0@c1da25f1": {
      "id": "@opam/tyxml@opam:4.3.0@c1da25f1",
      "name": "@opam/tyxml",
      "version": "opam:4.3.0",
      "source": {
        "type": "install",
        "source": [
          "archive:https://opam.ocaml.org/cache/md5/fd/fd834a567f813bf447cab5f4c3a723e2#md5:fd834a567f813bf447cab5f4c3a723e2",
          "archive:https://github.com/ocsigen/tyxml/releases/download/4.3.0/tyxml-4.3.0.tbz#md5:fd834a567f813bf447cab5f4c3a723e2"
        ],
        "opam": {
          "name": "tyxml",
          "version": "4.3.0",
          "path": "esy.lock/opam/tyxml.4.3.0"
        }
      },
      "overrides": [],
      "dependencies": [
        "ocaml@4.7.1004@d41d8cd9", "@opam/uutf@opam:1.0.2@4440868f",
        "@opam/seq@opam:base@d8d7de1d", "@opam/re@opam:1.9.0@d4d5e13d",
        "@opam/dune@opam:2.3.1@b10b59bf", "@esy-ocaml/substs@0.0.1@d41d8cd9"
      ],
      "devDependencies": [
        "ocaml@4.7.1004@d41d8cd9", "@opam/uutf@opam:1.0.2@4440868f",
        "@opam/seq@opam:base@d8d7de1d", "@opam/re@opam:1.9.0@d4d5e13d",
        "@opam/dune@opam:2.3.1@b10b59bf"
      ]
    },
    "@opam/topkg@opam:1.0.1@a42c631e": {
      "id": "@opam/topkg@opam:1.0.1@a42c631e",
      "name": "@opam/topkg",
      "version": "opam:1.0.1",
      "source": {
        "type": "install",
        "source": [
          "archive:https://opam.ocaml.org/cache/md5/16/16b90e066d8972a5ef59655e7c28b3e9#md5:16b90e066d8972a5ef59655e7c28b3e9",
          "archive:http://erratique.ch/software/topkg/releases/topkg-1.0.1.tbz#md5:16b90e066d8972a5ef59655e7c28b3e9"
        ],
        "opam": {
          "name": "topkg",
          "version": "1.0.1",
          "path": "esy.lock/opam/topkg.1.0.1"
        }
      },
      "overrides": [],
      "dependencies": [
        "ocaml@4.7.1004@d41d8cd9", "@opam/ocamlfind@opam:1.8.1@ff07b0f9",
        "@opam/ocamlbuild@opam:0.14.0@6ac75d03",
        "@esy-ocaml/substs@0.0.1@d41d8cd9"
      ],
      "devDependencies": [
        "ocaml@4.7.1004@d41d8cd9", "@opam/ocamlbuild@opam:0.14.0@6ac75d03"
      ]
    },
    "@opam/seq@opam:base@d8d7de1d": {
      "id": "@opam/seq@opam:base@d8d7de1d",
      "name": "@opam/seq",
      "version": "opam:base",
      "source": {
        "type": "install",
        "source": [ "no-source:" ],
        "opam": {
          "name": "seq",
          "version": "base",
          "path": "esy.lock/opam/seq.base"
        }
      },
      "overrides": [],
      "dependencies": [
        "ocaml@4.7.1004@d41d8cd9", "@esy-ocaml/substs@0.0.1@d41d8cd9"
      ],
      "devDependencies": [ "ocaml@4.7.1004@d41d8cd9" ]
    },
    "@opam/result@opam:1.5@6b753c82": {
      "id": "@opam/result@opam:1.5@6b753c82",
      "name": "@opam/result",
      "version": "opam:1.5",
      "source": {
        "type": "install",
        "source": [
          "archive:https://opam.ocaml.org/cache/md5/1b/1b82dec78849680b49ae9a8a365b831b#md5:1b82dec78849680b49ae9a8a365b831b",
          "archive:https://github.com/janestreet/result/releases/download/1.5/result-1.5.tbz#md5:1b82dec78849680b49ae9a8a365b831b"
        ],
        "opam": {
          "name": "result",
          "version": "1.5",
          "path": "esy.lock/opam/result.1.5"
        }
      },
      "overrides": [],
      "dependencies": [
        "ocaml@4.7.1004@d41d8cd9", "@opam/dune@opam:2.3.1@b10b59bf",
        "@esy-ocaml/substs@0.0.1@d41d8cd9"
      ],
      "devDependencies": [
        "ocaml@4.7.1004@d41d8cd9", "@opam/dune@opam:2.3.1@b10b59bf"
      ]
    },
    "@opam/re@opam:1.9.0@d4d5e13d": {
      "id": "@opam/re@opam:1.9.0@d4d5e13d",
      "name": "@opam/re",
      "version": "opam:1.9.0",
      "source": {
        "type": "install",
        "source": [
          "archive:https://opam.ocaml.org/cache/md5/bd/bddaed4f386a22cace7850c9c7dac296#md5:bddaed4f386a22cace7850c9c7dac296",
          "archive:https://github.com/ocaml/ocaml-re/releases/download/1.9.0/re-1.9.0.tbz#md5:bddaed4f386a22cace7850c9c7dac296"
        ],
        "opam": {
          "name": "re",
          "version": "1.9.0",
          "path": "esy.lock/opam/re.1.9.0"
        }
      },
      "overrides": [],
      "dependencies": [
        "ocaml@4.7.1004@d41d8cd9", "@opam/seq@opam:base@d8d7de1d",
        "@opam/dune@opam:2.3.1@b10b59bf", "@esy-ocaml/substs@0.0.1@d41d8cd9"
      ],
      "devDependencies": [
        "ocaml@4.7.1004@d41d8cd9", "@opam/seq@opam:base@d8d7de1d",
        "@opam/dune@opam:2.3.1@b10b59bf"
      ]
    },
    "@opam/ppx_tools_versioned@opam:5.2.3@4994ec80": {
      "id": "@opam/ppx_tools_versioned@opam:5.2.3@4994ec80",
      "name": "@opam/ppx_tools_versioned",
      "version": "opam:5.2.3",
      "source": {
        "type": "install",
        "source": [
          "archive:https://opam.ocaml.org/cache/md5/b1/b1455e5a4a1bcd9ddbfcf712ccbd4262#md5:b1455e5a4a1bcd9ddbfcf712ccbd4262",
          "archive:https://github.com/ocaml-ppx/ppx_tools_versioned/archive/5.2.3.tar.gz#md5:b1455e5a4a1bcd9ddbfcf712ccbd4262"
        ],
        "opam": {
          "name": "ppx_tools_versioned",
          "version": "5.2.3",
          "path": "esy.lock/opam/ppx_tools_versioned.5.2.3"
        }
      },
      "overrides": [],
      "dependencies": [
        "ocaml@4.7.1004@d41d8cd9",
        "@opam/ocaml-migrate-parsetree@opam:1.6.0@da2643e7",
        "@opam/dune@opam:2.3.1@b10b59bf", "@esy-ocaml/substs@0.0.1@d41d8cd9"
      ],
      "devDependencies": [
        "ocaml@4.7.1004@d41d8cd9",
        "@opam/ocaml-migrate-parsetree@opam:1.6.0@da2643e7",
        "@opam/dune@opam:2.3.1@b10b59bf"
      ]
    },
    "@opam/ppx_derivers@opam:1.2.1@ecf0aa45": {
      "id": "@opam/ppx_derivers@opam:1.2.1@ecf0aa45",
      "name": "@opam/ppx_derivers",
      "version": "opam:1.2.1",
      "source": {
        "type": "install",
        "source": [
          "archive:https://opam.ocaml.org/cache/md5/5d/5dc2bf130c1db3c731fe0fffc5648b41#md5:5dc2bf130c1db3c731fe0fffc5648b41",
          "archive:https://github.com/ocaml-ppx/ppx_derivers/archive/1.2.1.tar.gz#md5:5dc2bf130c1db3c731fe0fffc5648b41"
        ],
        "opam": {
          "name": "ppx_derivers",
          "version": "1.2.1",
          "path": "esy.lock/opam/ppx_derivers.1.2.1"
        }
      },
      "overrides": [],
      "dependencies": [
        "ocaml@4.7.1004@d41d8cd9", "@opam/dune@opam:2.3.1@b10b59bf",
        "@esy-ocaml/substs@0.0.1@d41d8cd9"
      ],
      "devDependencies": [
        "ocaml@4.7.1004@d41d8cd9", "@opam/dune@opam:2.3.1@b10b59bf"
      ]
    },
    "@opam/odoc@opam:1.5.0@35218f5f": {
      "id": "@opam/odoc@opam:1.5.0@35218f5f",
      "name": "@opam/odoc",
      "version": "opam:1.5.0",
      "source": {
        "type": "install",
        "source": [
          "archive:https://opam.ocaml.org/cache/sha256/85/857759be968070bfda208add3ae2c2bc87826ca2bfc39cebab1cc1e13db7a140#sha256:857759be968070bfda208add3ae2c2bc87826ca2bfc39cebab1cc1e13db7a140",
          "archive:https://github.com/ocaml/odoc/releases/download/1.5.0/odoc-1.5.0.tbz#sha256:857759be968070bfda208add3ae2c2bc87826ca2bfc39cebab1cc1e13db7a140"
        ],
        "opam": {
          "name": "odoc",
          "version": "1.5.0",
          "path": "esy.lock/opam/odoc.1.5.0"
        }
      },
      "overrides": [],
      "dependencies": [
        "ocaml@4.7.1004@d41d8cd9", "@opam/tyxml@opam:4.3.0@c1da25f1",
        "@opam/result@opam:1.5@6b753c82", "@opam/fpath@opam:0.7.2@45477b93",
        "@opam/dune@opam:2.3.1@b10b59bf", "@opam/cppo@opam:1.6.6@f4f83858",
        "@opam/cmdliner@opam:1.0.4@93208aac",
        "@opam/astring@opam:0.8.3@4e5e17d5",
        "@esy-ocaml/substs@0.0.1@d41d8cd9"
      ],
      "devDependencies": [
        "ocaml@4.7.1004@d41d8cd9", "@opam/tyxml@opam:4.3.0@c1da25f1",
        "@opam/result@opam:1.5@6b753c82", "@opam/fpath@opam:0.7.2@45477b93",
        "@opam/dune@opam:2.3.1@b10b59bf",
        "@opam/cmdliner@opam:1.0.4@93208aac",
        "@opam/astring@opam:0.8.3@4e5e17d5"
      ]
    },
    "@opam/ocplib-endian@opam:1.0@aa720242": {
      "id": "@opam/ocplib-endian@opam:1.0@aa720242",
      "name": "@opam/ocplib-endian",
      "version": "opam:1.0",
      "source": {
        "type": "install",
        "source": [
          "archive:https://opam.ocaml.org/cache/md5/74/74b45ba33e189283170a748c2a3ed477#md5:74b45ba33e189283170a748c2a3ed477",
          "archive:https://github.com/OCamlPro/ocplib-endian/archive/1.0.tar.gz#md5:74b45ba33e189283170a748c2a3ed477"
        ],
        "opam": {
          "name": "ocplib-endian",
          "version": "1.0",
          "path": "esy.lock/opam/ocplib-endian.1.0"
        }
      },
      "overrides": [
        {
          "opamoverride":
            "esy.lock/overrides/opam__s__ocplib_endian_opam__c__1.0_opam_override"
        }
      ],
      "dependencies": [
        "ocaml@4.7.1004@d41d8cd9", "@opam/ocamlfind@opam:1.8.1@ff07b0f9",
        "@opam/ocamlbuild@opam:0.14.0@6ac75d03",
        "@opam/cppo@opam:1.6.6@f4f83858",
        "@opam/base-bytes@opam:base@19d0c2ff",
        "@esy-ocaml/substs@0.0.1@d41d8cd9"
      ],
      "devDependencies": [
        "ocaml@4.7.1004@d41d8cd9", "@opam/ocamlfind@opam:1.8.1@ff07b0f9",
        "@opam/cppo@opam:1.6.6@f4f83858",
        "@opam/base-bytes@opam:base@19d0c2ff"
      ]
    },
    "@opam/ocamlfind@opam:1.8.1@ff07b0f9": {
      "id": "@opam/ocamlfind@opam:1.8.1@ff07b0f9",
      "name": "@opam/ocamlfind",
      "version": "opam:1.8.1",
      "source": {
        "type": "install",
        "source": [
          "archive:https://opam.ocaml.org/cache/md5/18/18ca650982c15536616dea0e422cbd8c#md5:18ca650982c15536616dea0e422cbd8c",
          "archive:http://download2.camlcity.org/download/findlib-1.8.1.tar.gz#md5:18ca650982c15536616dea0e422cbd8c",
          "archive:http://download.camlcity.org/download/findlib-1.8.1.tar.gz#md5:18ca650982c15536616dea0e422cbd8c"
        ],
        "opam": {
          "name": "ocamlfind",
          "version": "1.8.1",
          "path": "esy.lock/opam/ocamlfind.1.8.1"
        }
      },
      "overrides": [
        {
          "opamoverride":
            "esy.lock/overrides/opam__s__ocamlfind_opam__c__1.8.1_opam_override"
        }
      ],
      "dependencies": [
        "ocaml@4.7.1004@d41d8cd9", "@opam/conf-m4@opam:1@3b2b148a",
        "@esy-ocaml/substs@0.0.1@d41d8cd9"
      ],
      "devDependencies": [ "ocaml@4.7.1004@d41d8cd9" ]
    },
    "@opam/ocamlbuild@opam:0.14.0@6ac75d03": {
      "id": "@opam/ocamlbuild@opam:0.14.0@6ac75d03",
      "name": "@opam/ocamlbuild",
      "version": "opam:0.14.0",
      "source": {
        "type": "install",
        "source": [
          "archive:https://opam.ocaml.org/cache/sha256/87/87b29ce96958096c0a1a8eeafeb6268077b2d11e1bf2b3de0f5ebc9cf8d42e78#sha256:87b29ce96958096c0a1a8eeafeb6268077b2d11e1bf2b3de0f5ebc9cf8d42e78",
          "archive:https://github.com/ocaml/ocamlbuild/archive/0.14.0.tar.gz#sha256:87b29ce96958096c0a1a8eeafeb6268077b2d11e1bf2b3de0f5ebc9cf8d42e78"
        ],
        "opam": {
          "name": "ocamlbuild",
          "version": "0.14.0",
          "path": "esy.lock/opam/ocamlbuild.0.14.0"
        }
      },
      "overrides": [
        {
          "opamoverride":
            "esy.lock/overrides/opam__s__ocamlbuild_opam__c__0.14.0_opam_override"
        }
      ],
      "dependencies": [
        "ocaml@4.7.1004@d41d8cd9", "@esy-ocaml/substs@0.0.1@d41d8cd9"
      ],
      "devDependencies": [ "ocaml@4.7.1004@d41d8cd9" ]
    },
    "@opam/ocaml-migrate-parsetree@opam:1.6.0@da2643e7": {
      "id": "@opam/ocaml-migrate-parsetree@opam:1.6.0@da2643e7",
      "name": "@opam/ocaml-migrate-parsetree",
      "version": "opam:1.6.0",
      "source": {
        "type": "install",
        "source": [
          "archive:https://opam.ocaml.org/cache/sha256/9b/9b018e7d25114ce17fc0b82b7cd7c927b84ebb6b043aa987fa7731c2484de33f#sha256:9b018e7d25114ce17fc0b82b7cd7c927b84ebb6b043aa987fa7731c2484de33f",
          "archive:https://github.com/ocaml-ppx/ocaml-migrate-parsetree/releases/download/v1.6.0/ocaml-migrate-parsetree-v1.6.0.tbz#sha256:9b018e7d25114ce17fc0b82b7cd7c927b84ebb6b043aa987fa7731c2484de33f"
        ],
        "opam": {
          "name": "ocaml-migrate-parsetree",
          "version": "1.6.0",
          "path": "esy.lock/opam/ocaml-migrate-parsetree.1.6.0"
        }
      },
      "overrides": [],
      "dependencies": [
        "ocaml@4.7.1004@d41d8cd9", "@opam/result@opam:1.5@6b753c82",
        "@opam/ppx_derivers@opam:1.2.1@ecf0aa45",
        "@opam/dune@opam:2.3.1@b10b59bf", "@esy-ocaml/substs@0.0.1@d41d8cd9"
      ],
      "devDependencies": [
        "ocaml@4.7.1004@d41d8cd9", "@opam/result@opam:1.5@6b753c82",
        "@opam/ppx_derivers@opam:1.2.1@ecf0aa45",
        "@opam/dune@opam:2.3.1@b10b59bf"
      ]
    },
    "@opam/mmap@opam:1.1.0@b85334ff": {
      "id": "@opam/mmap@opam:1.1.0@b85334ff",
      "name": "@opam/mmap",
      "version": "opam:1.1.0",
      "source": {
        "type": "install",
        "source": [
          "archive:https://opam.ocaml.org/cache/md5/8c/8c5d5fbc537296dc525867535fb878ba#md5:8c5d5fbc537296dc525867535fb878ba",
          "archive:https://github.com/mirage/mmap/releases/download/v1.1.0/mmap-v1.1.0.tbz#md5:8c5d5fbc537296dc525867535fb878ba"
        ],
        "opam": {
          "name": "mmap",
          "version": "1.1.0",
          "path": "esy.lock/opam/mmap.1.1.0"
        }
      },
      "overrides": [],
      "dependencies": [
        "ocaml@4.7.1004@d41d8cd9", "@opam/dune@opam:2.3.1@b10b59bf",
        "@esy-ocaml/substs@0.0.1@d41d8cd9"
      ],
      "devDependencies": [
        "ocaml@4.7.1004@d41d8cd9", "@opam/dune@opam:2.3.1@b10b59bf"
      ]
    },
    "@opam/merlin-extend@opam:0.5@a5dd7d4b": {
      "id": "@opam/merlin-extend@opam:0.5@a5dd7d4b",
      "name": "@opam/merlin-extend",
      "version": "opam:0.5",
      "source": {
        "type": "install",
        "source": [
          "archive:https://opam.ocaml.org/cache/sha256/ca/ca3a38c360c7d4827eb4789abf7a6aa4b6e3b4e3c3ef69a5be64dce4601ec227#sha256:ca3a38c360c7d4827eb4789abf7a6aa4b6e3b4e3c3ef69a5be64dce4601ec227",
          "archive:https://github.com/let-def/merlin-extend/releases/download/v0.5/merlin-extend-v0.5.tbz#sha256:ca3a38c360c7d4827eb4789abf7a6aa4b6e3b4e3c3ef69a5be64dce4601ec227"
        ],
        "opam": {
          "name": "merlin-extend",
          "version": "0.5",
          "path": "esy.lock/opam/merlin-extend.0.5"
        }
      },
      "overrides": [],
      "dependencies": [
        "ocaml@4.7.1004@d41d8cd9", "@opam/dune@opam:2.3.1@b10b59bf",
        "@opam/cppo@opam:1.6.6@f4f83858", "@esy-ocaml/substs@0.0.1@d41d8cd9"
      ],
      "devDependencies": [
        "ocaml@4.7.1004@d41d8cd9", "@opam/dune@opam:2.3.1@b10b59bf"
      ]
    },
    "@opam/merlin@opam:3.3.3@d653b06a": {
      "id": "@opam/merlin@opam:3.3.3@d653b06a",
      "name": "@opam/merlin",
      "version": "opam:3.3.3",
      "source": {
        "type": "install",
        "source": [
          "archive:https://opam.ocaml.org/cache/sha256/72/72909ef47eea1f6fca13b4109a34dccf8fe3923a3c026f1ed1db9eb5ee9aae15#sha256:72909ef47eea1f6fca13b4109a34dccf8fe3923a3c026f1ed1db9eb5ee9aae15",
          "archive:https://github.com/ocaml/merlin/releases/download/v3.3.3/merlin-v3.3.3.tbz#sha256:72909ef47eea1f6fca13b4109a34dccf8fe3923a3c026f1ed1db9eb5ee9aae15"
        ],
        "opam": {
          "name": "merlin",
          "version": "3.3.3",
          "path": "esy.lock/opam/merlin.3.3.3"
        }
      },
      "overrides": [],
      "dependencies": [
        "ocaml@4.7.1004@d41d8cd9", "@opam/yojson@opam:1.7.0@7056d985",
        "@opam/ocamlfind@opam:1.8.1@ff07b0f9",
        "@opam/dune@opam:2.3.1@b10b59bf", "@esy-ocaml/substs@0.0.1@d41d8cd9"
      ],
      "devDependencies": [
        "ocaml@4.7.1004@d41d8cd9", "@opam/yojson@opam:1.7.0@7056d985",
        "@opam/ocamlfind@opam:1.8.1@ff07b0f9",
        "@opam/dune@opam:2.3.1@b10b59bf"
      ]
    },
    "@opam/menhirSdk@opam:20200211@1b43927c": {
      "id": "@opam/menhirSdk@opam:20200211@1b43927c",
      "name": "@opam/menhirSdk",
      "version": "opam:20200211",
      "source": {
        "type": "install",
        "source": [
          "archive:https://opam.ocaml.org/cache/md5/01/01577e5f15380c35bdaa8fd818204560#md5:01577e5f15380c35bdaa8fd818204560",
          "archive:https://gitlab.inria.fr/fpottier/menhir/repository/20200211/archive.tar.gz#md5:01577e5f15380c35bdaa8fd818204560"
        ],
        "opam": {
          "name": "menhirSdk",
          "version": "20200211",
          "path": "esy.lock/opam/menhirSdk.20200211"
        }
      },
      "overrides": [],
      "dependencies": [
        "ocaml@4.7.1004@d41d8cd9", "@opam/dune@opam:2.3.1@b10b59bf",
        "@esy-ocaml/substs@0.0.1@d41d8cd9"
      ],
      "devDependencies": [
        "ocaml@4.7.1004@d41d8cd9", "@opam/dune@opam:2.3.1@b10b59bf"
      ]
    },
    "@opam/menhirLib@opam:20200211@99279102": {
      "id": "@opam/menhirLib@opam:20200211@99279102",
      "name": "@opam/menhirLib",
      "version": "opam:20200211",
      "source": {
        "type": "install",
        "source": [
          "archive:https://opam.ocaml.org/cache/md5/01/01577e5f15380c35bdaa8fd818204560#md5:01577e5f15380c35bdaa8fd818204560",
          "archive:https://gitlab.inria.fr/fpottier/menhir/repository/20200211/archive.tar.gz#md5:01577e5f15380c35bdaa8fd818204560"
        ],
        "opam": {
          "name": "menhirLib",
          "version": "20200211",
          "path": "esy.lock/opam/menhirLib.20200211"
        }
      },
      "overrides": [],
      "dependencies": [
        "ocaml@4.7.1004@d41d8cd9", "@opam/dune@opam:2.3.1@b10b59bf",
        "@esy-ocaml/substs@0.0.1@d41d8cd9"
      ],
      "devDependencies": [
        "ocaml@4.7.1004@d41d8cd9", "@opam/dune@opam:2.3.1@b10b59bf"
      ]
    },
    "@opam/menhir@opam:20200211@90483d81": {
      "id": "@opam/menhir@opam:20200211@90483d81",
      "name": "@opam/menhir",
      "version": "opam:20200211",
      "source": {
        "type": "install",
        "source": [
          "archive:https://opam.ocaml.org/cache/md5/01/01577e5f15380c35bdaa8fd818204560#md5:01577e5f15380c35bdaa8fd818204560",
          "archive:https://gitlab.inria.fr/fpottier/menhir/repository/20200211/archive.tar.gz#md5:01577e5f15380c35bdaa8fd818204560"
        ],
        "opam": {
          "name": "menhir",
          "version": "20200211",
          "path": "esy.lock/opam/menhir.20200211"
        }
      },
      "overrides": [],
      "dependencies": [
        "ocaml@4.7.1004@d41d8cd9", "@opam/menhirSdk@opam:20200211@1b43927c",
        "@opam/menhirLib@opam:20200211@99279102",
        "@opam/dune@opam:2.3.1@b10b59bf", "@esy-ocaml/substs@0.0.1@d41d8cd9"
      ],
      "devDependencies": [
        "ocaml@4.7.1004@d41d8cd9", "@opam/menhirSdk@opam:20200211@1b43927c",
        "@opam/menhirLib@opam:20200211@99279102",
        "@opam/dune@opam:2.3.1@b10b59bf"
      ]
    },
    "@opam/lwt@opam:5.1.2@5717dfd1": {
      "id": "@opam/lwt@opam:5.1.2@5717dfd1",
      "name": "@opam/lwt",
      "version": "opam:5.1.2",
      "source": {
        "type": "install",
        "source": [
          "archive:https://opam.ocaml.org/cache/md5/dc/dc4005582a6ab32227f5ff90cb480dbe#md5:dc4005582a6ab32227f5ff90cb480dbe",
          "archive:https://github.com/ocsigen/lwt/archive/5.1.2.tar.gz#md5:dc4005582a6ab32227f5ff90cb480dbe"
        ],
        "opam": {
          "name": "lwt",
          "version": "5.1.2",
          "path": "esy.lock/opam/lwt.5.1.2"
        }
      },
      "overrides": [],
      "dependencies": [
        "ocaml@4.7.1004@d41d8cd9", "@opam/seq@opam:base@d8d7de1d",
        "@opam/result@opam:1.5@6b753c82",
        "@opam/ocplib-endian@opam:1.0@aa720242",
        "@opam/mmap@opam:1.1.0@b85334ff",
        "@opam/dune-configurator@opam:2.3.1@f275cf9a",
        "@opam/dune@opam:2.3.1@b10b59bf", "@opam/cppo@opam:1.6.6@f4f83858",
        "@opam/base-unix@opam:base@87d0b2eb",
        "@opam/base-threads@opam:base@36803084",
        "@esy-ocaml/substs@0.0.1@d41d8cd9"
      ],
      "devDependencies": [
        "ocaml@4.7.1004@d41d8cd9", "@opam/seq@opam:base@d8d7de1d",
        "@opam/result@opam:1.5@6b753c82",
        "@opam/ocplib-endian@opam:1.0@aa720242",
        "@opam/mmap@opam:1.1.0@b85334ff",
        "@opam/dune-configurator@opam:2.3.1@f275cf9a",
        "@opam/dune@opam:2.3.1@b10b59bf"
      ]
    },
    "@opam/js_of_ocaml-ppx@opam:3.5.2@db6331d4": {
      "id": "@opam/js_of_ocaml-ppx@opam:3.5.2@db6331d4",
      "name": "@opam/js_of_ocaml-ppx",
      "version": "opam:3.5.2",
      "source": {
        "type": "install",
        "source": [
          "archive:https://opam.ocaml.org/cache/sha256/82/8275a923385e87a33183d35fe5a8d9c1f88780b05069fa39046bb65ecd9cecb7#sha256:8275a923385e87a33183d35fe5a8d9c1f88780b05069fa39046bb65ecd9cecb7",
          "archive:https://github.com/ocsigen/js_of_ocaml/releases/download/3.5.2/js_of_ocaml-3.5.2.tbz#sha256:8275a923385e87a33183d35fe5a8d9c1f88780b05069fa39046bb65ecd9cecb7"
        ],
        "opam": {
          "name": "js_of_ocaml-ppx",
          "version": "3.5.2",
          "path": "esy.lock/opam/js_of_ocaml-ppx.3.5.2"
        }
      },
      "overrides": [],
      "dependencies": [
        "ocaml@4.7.1004@d41d8cd9",
        "@opam/ppx_tools_versioned@opam:5.2.3@4994ec80",
        "@opam/ocaml-migrate-parsetree@opam:1.6.0@da2643e7",
        "@opam/js_of_ocaml@opam:3.5.2@c5bae178",
        "@opam/dune@opam:2.3.1@b10b59bf", "@esy-ocaml/substs@0.0.1@d41d8cd9"
      ],
      "devDependencies": [
        "ocaml@4.7.1004@d41d8cd9",
        "@opam/ppx_tools_versioned@opam:5.2.3@4994ec80",
        "@opam/ocaml-migrate-parsetree@opam:1.6.0@da2643e7",
        "@opam/js_of_ocaml@opam:3.5.2@c5bae178",
        "@opam/dune@opam:2.3.1@b10b59bf"
      ]
    },
    "@opam/js_of_ocaml-lwt@opam:3.5.2@6ea3e3c2": {
      "id": "@opam/js_of_ocaml-lwt@opam:3.5.2@6ea3e3c2",
      "name": "@opam/js_of_ocaml-lwt",
      "version": "opam:3.5.2",
      "source": {
        "type": "install",
        "source": [
          "archive:https://opam.ocaml.org/cache/sha256/82/8275a923385e87a33183d35fe5a8d9c1f88780b05069fa39046bb65ecd9cecb7#sha256:8275a923385e87a33183d35fe5a8d9c1f88780b05069fa39046bb65ecd9cecb7",
          "archive:https://github.com/ocsigen/js_of_ocaml/releases/download/3.5.2/js_of_ocaml-3.5.2.tbz#sha256:8275a923385e87a33183d35fe5a8d9c1f88780b05069fa39046bb65ecd9cecb7"
        ],
        "opam": {
          "name": "js_of_ocaml-lwt",
          "version": "3.5.2",
          "path": "esy.lock/opam/js_of_ocaml-lwt.3.5.2"
        }
      },
      "overrides": [],
      "dependencies": [
        "ocaml@4.7.1004@d41d8cd9", "@opam/lwt@opam:5.1.2@5717dfd1",
        "@opam/js_of_ocaml-ppx@opam:3.5.2@db6331d4",
        "@opam/js_of_ocaml@opam:3.5.2@c5bae178",
        "@opam/dune@opam:2.3.1@b10b59bf", "@esy-ocaml/substs@0.0.1@d41d8cd9"
      ],
      "devDependencies": [
        "ocaml@4.7.1004@d41d8cd9", "@opam/lwt@opam:5.1.2@5717dfd1",
        "@opam/js_of_ocaml-ppx@opam:3.5.2@db6331d4",
        "@opam/js_of_ocaml@opam:3.5.2@c5bae178",
        "@opam/dune@opam:2.3.1@b10b59bf"
      ]
    },
    "@opam/js_of_ocaml-compiler@opam:3.5.2@092d6ef6": {
      "id": "@opam/js_of_ocaml-compiler@opam:3.5.2@092d6ef6",
      "name": "@opam/js_of_ocaml-compiler",
      "version": "opam:3.5.2",
      "source": {
        "type": "install",
        "source": [
          "archive:https://opam.ocaml.org/cache/sha256/82/8275a923385e87a33183d35fe5a8d9c1f88780b05069fa39046bb65ecd9cecb7#sha256:8275a923385e87a33183d35fe5a8d9c1f88780b05069fa39046bb65ecd9cecb7",
          "archive:https://github.com/ocsigen/js_of_ocaml/releases/download/3.5.2/js_of_ocaml-3.5.2.tbz#sha256:8275a923385e87a33183d35fe5a8d9c1f88780b05069fa39046bb65ecd9cecb7"
        ],
        "opam": {
          "name": "js_of_ocaml-compiler",
          "version": "3.5.2",
          "path": "esy.lock/opam/js_of_ocaml-compiler.3.5.2"
        }
      },
      "overrides": [],
      "dependencies": [
        "ocaml@4.7.1004@d41d8cd9", "@opam/yojson@opam:1.7.0@7056d985",
        "@opam/ocamlfind@opam:1.8.1@ff07b0f9",
        "@opam/ocaml-migrate-parsetree@opam:1.6.0@da2643e7",
        "@opam/dune@opam:2.3.1@b10b59bf",
        "@opam/cmdliner@opam:1.0.4@93208aac",
        "@esy-ocaml/substs@0.0.1@d41d8cd9"
      ],
      "devDependencies": [
        "ocaml@4.7.1004@d41d8cd9", "@opam/yojson@opam:1.7.0@7056d985",
        "@opam/ocaml-migrate-parsetree@opam:1.6.0@da2643e7",
        "@opam/dune@opam:2.3.1@b10b59bf",
        "@opam/cmdliner@opam:1.0.4@93208aac"
      ]
    },
    "@opam/js_of_ocaml@opam:3.5.2@c5bae178": {
      "id": "@opam/js_of_ocaml@opam:3.5.2@c5bae178",
      "name": "@opam/js_of_ocaml",
      "version": "opam:3.5.2",
      "source": {
        "type": "install",
        "source": [
          "archive:https://opam.ocaml.org/cache/sha256/82/8275a923385e87a33183d35fe5a8d9c1f88780b05069fa39046bb65ecd9cecb7#sha256:8275a923385e87a33183d35fe5a8d9c1f88780b05069fa39046bb65ecd9cecb7",
          "archive:https://github.com/ocsigen/js_of_ocaml/releases/download/3.5.2/js_of_ocaml-3.5.2.tbz#sha256:8275a923385e87a33183d35fe5a8d9c1f88780b05069fa39046bb65ecd9cecb7"
        ],
        "opam": {
          "name": "js_of_ocaml",
          "version": "3.5.2",
          "path": "esy.lock/opam/js_of_ocaml.3.5.2"
        }
      },
      "overrides": [],
      "dependencies": [
        "ocaml@4.7.1004@d41d8cd9", "@opam/uchar@opam:0.0.2@c8218eea",
        "@opam/ppx_tools_versioned@opam:5.2.3@4994ec80",
        "@opam/ocaml-migrate-parsetree@opam:1.6.0@da2643e7",
        "@opam/js_of_ocaml-compiler@opam:3.5.2@092d6ef6",
        "@opam/dune@opam:2.3.1@b10b59bf", "@esy-ocaml/substs@0.0.1@d41d8cd9"
      ],
      "devDependencies": [
        "ocaml@4.7.1004@d41d8cd9", "@opam/uchar@opam:0.0.2@c8218eea",
        "@opam/ppx_tools_versioned@opam:5.2.3@4994ec80",
        "@opam/ocaml-migrate-parsetree@opam:1.6.0@da2643e7",
        "@opam/js_of_ocaml-compiler@opam:3.5.2@092d6ef6",
        "@opam/dune@opam:2.3.1@b10b59bf"
      ]
    },
    "@opam/jbuilder@opam:1.0+beta20.2@053ddcf2": {
      "id": "@opam/jbuilder@opam:1.0+beta20.2@053ddcf2",
      "name": "@opam/jbuilder",
      "version": "opam:1.0+beta20.2",
      "source": {
        "type": "install",
        "source": [
          "archive:https://opam.ocaml.org/cache/md5/fb/fbe8c3b1facb206cac3fb8932b5dd5d9#md5:fbe8c3b1facb206cac3fb8932b5dd5d9",
          "archive:https://github.com/ocaml/dune/releases/download/1.0%2Bbeta20.2/jbuilder-1.0+beta20.2.tbz#md5:fbe8c3b1facb206cac3fb8932b5dd5d9"
        ],
        "opam": {
          "name": "jbuilder",
          "version": "1.0+beta20.2",
          "path": "esy.lock/opam/jbuilder.1.0+beta20.2"
        }
      },
      "overrides": [],
      "dependencies": [
        "ocaml@4.7.1004@d41d8cd9", "@esy-ocaml/substs@0.0.1@d41d8cd9"
      ],
      "devDependencies": [ "ocaml@4.7.1004@d41d8cd9" ]
    },
    "@opam/fpath@opam:0.7.2@45477b93": {
      "id": "@opam/fpath@opam:0.7.2@45477b93",
      "name": "@opam/fpath",
      "version": "opam:0.7.2",
      "source": {
        "type": "install",
        "source": [
          "archive:https://opam.ocaml.org/cache/md5/52/52c7ecb0bf180088336f3c645875fa41#md5:52c7ecb0bf180088336f3c645875fa41",
          "archive:http://erratique.ch/software/fpath/releases/fpath-0.7.2.tbz#md5:52c7ecb0bf180088336f3c645875fa41"
        ],
        "opam": {
          "name": "fpath",
          "version": "0.7.2",
          "path": "esy.lock/opam/fpath.0.7.2"
        }
      },
      "overrides": [],
      "dependencies": [
        "ocaml@4.7.1004@d41d8cd9", "@opam/topkg@opam:1.0.1@a42c631e",
        "@opam/result@opam:1.5@6b753c82",
        "@opam/ocamlfind@opam:1.8.1@ff07b0f9",
        "@opam/ocamlbuild@opam:0.14.0@6ac75d03",
        "@opam/astring@opam:0.8.3@4e5e17d5",
        "@esy-ocaml/substs@0.0.1@d41d8cd9"
      ],
      "devDependencies": [
        "ocaml@4.7.1004@d41d8cd9", "@opam/result@opam:1.5@6b753c82",
        "@opam/astring@opam:0.8.3@4e5e17d5"
      ]
    },
    "@opam/easy-format@opam:1.3.2@0484b3c4": {
      "id": "@opam/easy-format@opam:1.3.2@0484b3c4",
      "name": "@opam/easy-format",
      "version": "opam:1.3.2",
      "source": {
        "type": "install",
        "source": [
          "archive:https://opam.ocaml.org/cache/sha256/34/3440c2b882d537ae5e9011eb06abb53f5667e651ea4bb3b460ea8230fa8c1926#sha256:3440c2b882d537ae5e9011eb06abb53f5667e651ea4bb3b460ea8230fa8c1926",
          "archive:https://github.com/mjambon/easy-format/releases/download/1.3.2/easy-format-1.3.2.tbz#sha256:3440c2b882d537ae5e9011eb06abb53f5667e651ea4bb3b460ea8230fa8c1926"
        ],
        "opam": {
          "name": "easy-format",
          "version": "1.3.2",
          "path": "esy.lock/opam/easy-format.1.3.2"
        }
      },
      "overrides": [],
      "dependencies": [
        "ocaml@4.7.1004@d41d8cd9", "@opam/dune@opam:2.3.1@b10b59bf",
        "@esy-ocaml/substs@0.0.1@d41d8cd9"
      ],
      "devDependencies": [
        "ocaml@4.7.1004@d41d8cd9", "@opam/dune@opam:2.3.1@b10b59bf"
      ]
    },
    "@opam/dune-private-libs@opam:2.3.1@6390fc3e": {
      "id": "@opam/dune-private-libs@opam:2.3.1@6390fc3e",
      "name": "@opam/dune-private-libs",
      "version": "opam:2.3.1",
      "source": {
        "type": "install",
        "source": [
          "archive:https://opam.ocaml.org/cache/sha256/b2/b2b3dd9cdfd34ef8c4583ea8c52c3503c2395bf94c264af19d6450547e12f5cb#sha256:b2b3dd9cdfd34ef8c4583ea8c52c3503c2395bf94c264af19d6450547e12f5cb",
          "archive:https://github.com/ocaml/dune/releases/download/2.3.1/dune-2.3.1.tbz#sha256:b2b3dd9cdfd34ef8c4583ea8c52c3503c2395bf94c264af19d6450547e12f5cb"
        ],
        "opam": {
          "name": "dune-private-libs",
          "version": "2.3.1",
          "path": "esy.lock/opam/dune-private-libs.2.3.1"
        }
      },
      "overrides": [],
      "dependencies": [
        "ocaml@4.7.1004@d41d8cd9", "@opam/dune@opam:2.3.1@b10b59bf",
        "@esy-ocaml/substs@0.0.1@d41d8cd9"
      ],
      "devDependencies": [
        "ocaml@4.7.1004@d41d8cd9", "@opam/dune@opam:2.3.1@b10b59bf"
      ]
    },
    "@opam/dune-configurator@opam:2.3.1@f275cf9a": {
      "id": "@opam/dune-configurator@opam:2.3.1@f275cf9a",
      "name": "@opam/dune-configurator",
      "version": "opam:2.3.1",
      "source": {
        "type": "install",
        "source": [
          "archive:https://opam.ocaml.org/cache/sha256/b2/b2b3dd9cdfd34ef8c4583ea8c52c3503c2395bf94c264af19d6450547e12f5cb#sha256:b2b3dd9cdfd34ef8c4583ea8c52c3503c2395bf94c264af19d6450547e12f5cb",
          "archive:https://github.com/ocaml/dune/releases/download/2.3.1/dune-2.3.1.tbz#sha256:b2b3dd9cdfd34ef8c4583ea8c52c3503c2395bf94c264af19d6450547e12f5cb"
        ],
        "opam": {
          "name": "dune-configurator",
          "version": "2.3.1",
          "path": "esy.lock/opam/dune-configurator.2.3.1"
        }
      },
      "overrides": [],
      "dependencies": [
        "@opam/dune-private-libs@opam:2.3.1@6390fc3e",
        "@opam/dune@opam:2.3.1@b10b59bf", "@esy-ocaml/substs@0.0.1@d41d8cd9"
      ],
      "devDependencies": [
        "@opam/dune-private-libs@opam:2.3.1@6390fc3e",
        "@opam/dune@opam:2.3.1@b10b59bf"
      ]
    },
    "@opam/dune@opam:2.3.1@b10b59bf": {
      "id": "@opam/dune@opam:2.3.1@b10b59bf",
      "name": "@opam/dune",
      "version": "opam:2.3.1",
      "source": {
        "type": "install",
        "source": [
          "archive:https://opam.ocaml.org/cache/sha256/b2/b2b3dd9cdfd34ef8c4583ea8c52c3503c2395bf94c264af19d6450547e12f5cb#sha256:b2b3dd9cdfd34ef8c4583ea8c52c3503c2395bf94c264af19d6450547e12f5cb",
          "archive:https://github.com/ocaml/dune/releases/download/2.3.1/dune-2.3.1.tbz#sha256:b2b3dd9cdfd34ef8c4583ea8c52c3503c2395bf94c264af19d6450547e12f5cb"
        ],
        "opam": {
          "name": "dune",
          "version": "2.3.1",
          "path": "esy.lock/opam/dune.2.3.1"
        }
      },
      "overrides": [],
      "dependencies": [
        "ocaml@4.7.1004@d41d8cd9", "@opam/base-unix@opam:base@87d0b2eb",
        "@opam/base-threads@opam:base@36803084",
        "@esy-ocaml/substs@0.0.1@d41d8cd9"
      ],
      "devDependencies": [
        "ocaml@4.7.1004@d41d8cd9", "@opam/base-unix@opam:base@87d0b2eb",
        "@opam/base-threads@opam:base@36803084"
      ]
    },
    "@opam/cppo@opam:1.6.6@f4f83858": {
      "id": "@opam/cppo@opam:1.6.6@f4f83858",
      "name": "@opam/cppo",
      "version": "opam:1.6.6",
      "source": {
        "type": "install",
        "source": [
          "archive:https://opam.ocaml.org/cache/sha256/e7/e7272996a7789175b87bb998efd079794a8db6625aae990d73f7b4484a07b8a0#sha256:e7272996a7789175b87bb998efd079794a8db6625aae990d73f7b4484a07b8a0",
          "archive:https://github.com/ocaml-community/cppo/releases/download/v1.6.6/cppo-v1.6.6.tbz#sha256:e7272996a7789175b87bb998efd079794a8db6625aae990d73f7b4484a07b8a0"
        ],
        "opam": {
          "name": "cppo",
          "version": "1.6.6",
          "path": "esy.lock/opam/cppo.1.6.6"
        }
      },
      "overrides": [],
      "dependencies": [
        "ocaml@4.7.1004@d41d8cd9", "@opam/dune@opam:2.3.1@b10b59bf",
        "@opam/base-unix@opam:base@87d0b2eb",
        "@esy-ocaml/substs@0.0.1@d41d8cd9"
      ],
      "devDependencies": [
        "ocaml@4.7.1004@d41d8cd9", "@opam/dune@opam:2.3.1@b10b59bf",
        "@opam/base-unix@opam:base@87d0b2eb"
      ]
    },
    "@opam/conf-m4@opam:1@3b2b148a": {
      "id": "@opam/conf-m4@opam:1@3b2b148a",
      "name": "@opam/conf-m4",
      "version": "opam:1",
      "source": {
        "type": "install",
        "source": [ "no-source:" ],
        "opam": {
          "name": "conf-m4",
          "version": "1",
          "path": "esy.lock/opam/conf-m4.1"
        }
      },
      "overrides": [],
      "dependencies": [ "@esy-ocaml/substs@0.0.1@d41d8cd9" ],
      "devDependencies": []
    },
    "@opam/cmdliner@opam:1.0.4@93208aac": {
      "id": "@opam/cmdliner@opam:1.0.4@93208aac",
      "name": "@opam/cmdliner",
      "version": "opam:1.0.4",
      "source": {
        "type": "install",
        "source": [
          "archive:https://opam.ocaml.org/cache/md5/fe/fe2213d0bc63b1e10a2d0aa66d2fc8d9#md5:fe2213d0bc63b1e10a2d0aa66d2fc8d9",
          "archive:http://erratique.ch/software/cmdliner/releases/cmdliner-1.0.4.tbz#md5:fe2213d0bc63b1e10a2d0aa66d2fc8d9"
        ],
        "opam": {
          "name": "cmdliner",
          "version": "1.0.4",
          "path": "esy.lock/opam/cmdliner.1.0.4"
        }
      },
      "overrides": [],
      "dependencies": [
        "ocaml@4.7.1004@d41d8cd9", "@esy-ocaml/substs@0.0.1@d41d8cd9"
      ],
      "devDependencies": [ "ocaml@4.7.1004@d41d8cd9" ]
    },
    "@opam/biniou@opam:1.2.1@d7570399": {
      "id": "@opam/biniou@opam:1.2.1@d7570399",
      "name": "@opam/biniou",
      "version": "opam:1.2.1",
      "source": {
        "type": "install",
        "source": [
          "archive:https://opam.ocaml.org/cache/sha256/35/35546c68b1929a8e6d27a3b39ecd17b38303a0d47e65eb9d1480c2061ea84335#sha256:35546c68b1929a8e6d27a3b39ecd17b38303a0d47e65eb9d1480c2061ea84335",
          "archive:https://github.com/mjambon/biniou/releases/download/1.2.1/biniou-1.2.1.tbz#sha256:35546c68b1929a8e6d27a3b39ecd17b38303a0d47e65eb9d1480c2061ea84335"
        ],
        "opam": {
          "name": "biniou",
          "version": "1.2.1",
          "path": "esy.lock/opam/biniou.1.2.1"
        }
      },
      "overrides": [],
      "dependencies": [
        "ocaml@4.7.1004@d41d8cd9", "@opam/easy-format@opam:1.3.2@0484b3c4",
        "@opam/dune@opam:2.3.1@b10b59bf", "@esy-ocaml/substs@0.0.1@d41d8cd9"
      ],
      "devDependencies": [
        "ocaml@4.7.1004@d41d8cd9", "@opam/easy-format@opam:1.3.2@0484b3c4",
        "@opam/dune@opam:2.3.1@b10b59bf"
      ]
    },
    "@opam/base-unix@opam:base@87d0b2eb": {
      "id": "@opam/base-unix@opam:base@87d0b2eb",
      "name": "@opam/base-unix",
      "version": "opam:base",
      "source": {
        "type": "install",
        "source": [ "no-source:" ],
        "opam": {
          "name": "base-unix",
          "version": "base",
          "path": "esy.lock/opam/base-unix.base"
        }
      },
      "overrides": [],
      "dependencies": [ "@esy-ocaml/substs@0.0.1@d41d8cd9" ],
      "devDependencies": []
    },
    "@opam/base-threads@opam:base@36803084": {
      "id": "@opam/base-threads@opam:base@36803084",
      "name": "@opam/base-threads",
      "version": "opam:base",
      "source": {
        "type": "install",
        "source": [ "no-source:" ],
        "opam": {
          "name": "base-threads",
          "version": "base",
          "path": "esy.lock/opam/base-threads.base"
        }
      },
      "overrides": [],
      "dependencies": [ "@esy-ocaml/substs@0.0.1@d41d8cd9" ],
      "devDependencies": []
    },
    "@opam/base-bytes@opam:base@19d0c2ff": {
      "id": "@opam/base-bytes@opam:base@19d0c2ff",
      "name": "@opam/base-bytes",
      "version": "opam:base",
      "source": {
        "type": "install",
        "source": [ "no-source:" ],
        "opam": {
          "name": "base-bytes",
          "version": "base",
          "path": "esy.lock/opam/base-bytes.base"
        }
      },
      "overrides": [],
      "dependencies": [
        "ocaml@4.7.1004@d41d8cd9", "@opam/ocamlfind@opam:1.8.1@ff07b0f9",
        "@esy-ocaml/substs@0.0.1@d41d8cd9"
      ],
      "devDependencies": [
        "ocaml@4.7.1004@d41d8cd9", "@opam/ocamlfind@opam:1.8.1@ff07b0f9"
      ]
    },
    "@opam/atdgen-runtime@opam:2.0.0@60f6faab": {
      "id": "@opam/atdgen-runtime@opam:2.0.0@60f6faab",
      "name": "@opam/atdgen-runtime",
      "version": "opam:2.0.0",
      "source": {
        "type": "install",
        "source": [
          "archive:https://opam.ocaml.org/cache/md5/14/14e47609397c524ea0eae7c3f14f7ccf#md5:14e47609397c524ea0eae7c3f14f7ccf",
          "archive:https://github.com/mjambon/atd/releases/download/2.0.0/atd-2.0.0.tbz#md5:14e47609397c524ea0eae7c3f14f7ccf"
        ],
        "opam": {
          "name": "atdgen-runtime",
          "version": "2.0.0",
          "path": "esy.lock/opam/atdgen-runtime.2.0.0"
        }
      },
      "overrides": [],
      "dependencies": [
        "ocaml@4.7.1004@d41d8cd9", "@opam/yojson@opam:1.7.0@7056d985",
        "@opam/jbuilder@opam:1.0+beta20.2@053ddcf2",
        "@opam/biniou@opam:1.2.1@d7570399",
        "@esy-ocaml/substs@0.0.1@d41d8cd9"
      ],
      "devDependencies": [
        "ocaml@4.7.1004@d41d8cd9", "@opam/yojson@opam:1.7.0@7056d985",
        "@opam/jbuilder@opam:1.0+beta20.2@053ddcf2",
        "@opam/biniou@opam:1.2.1@d7570399"
      ]
    },
    "@opam/atdgen@opam:2.0.0@46af0360": {
      "id": "@opam/atdgen@opam:2.0.0@46af0360",
      "name": "@opam/atdgen",
      "version": "opam:2.0.0",
      "source": {
        "type": "install",
        "source": [
          "archive:https://opam.ocaml.org/cache/md5/14/14e47609397c524ea0eae7c3f14f7ccf#md5:14e47609397c524ea0eae7c3f14f7ccf",
          "archive:https://github.com/mjambon/atd/releases/download/2.0.0/atd-2.0.0.tbz#md5:14e47609397c524ea0eae7c3f14f7ccf"
        ],
        "opam": {
          "name": "atdgen",
          "version": "2.0.0",
          "path": "esy.lock/opam/atdgen.2.0.0"
        }
      },
      "overrides": [],
      "dependencies": [
        "ocaml@4.7.1004@d41d8cd9", "@opam/yojson@opam:1.7.0@7056d985",
        "@opam/jbuilder@opam:1.0+beta20.2@053ddcf2",
        "@opam/biniou@opam:1.2.1@d7570399",
        "@opam/atdgen-runtime@opam:2.0.0@60f6faab",
        "@opam/atd@opam:2.0.0@e0ddd12f", "@esy-ocaml/substs@0.0.1@d41d8cd9"
      ],
      "devDependencies": [
        "ocaml@4.7.1004@d41d8cd9", "@opam/yojson@opam:1.7.0@7056d985",
        "@opam/jbuilder@opam:1.0+beta20.2@053ddcf2",
        "@opam/biniou@opam:1.2.1@d7570399",
        "@opam/atdgen-runtime@opam:2.0.0@60f6faab",
        "@opam/atd@opam:2.0.0@e0ddd12f"
      ]
    },
    "@opam/atd@opam:2.0.0@e0ddd12f": {
      "id": "@opam/atd@opam:2.0.0@e0ddd12f",
      "name": "@opam/atd",
      "version": "opam:2.0.0",
      "source": {
        "type": "install",
        "source": [
          "archive:https://opam.ocaml.org/cache/md5/14/14e47609397c524ea0eae7c3f14f7ccf#md5:14e47609397c524ea0eae7c3f14f7ccf",
          "archive:https://github.com/mjambon/atd/releases/download/2.0.0/atd-2.0.0.tbz#md5:14e47609397c524ea0eae7c3f14f7ccf"
        ],
        "opam": {
          "name": "atd",
          "version": "2.0.0",
          "path": "esy.lock/opam/atd.2.0.0"
        }
      },
      "overrides": [],
      "dependencies": [
        "ocaml@4.7.1004@d41d8cd9", "@opam/menhir@opam:20200211@90483d81",
        "@opam/jbuilder@opam:1.0+beta20.2@053ddcf2",
        "@opam/easy-format@opam:1.3.2@0484b3c4",
        "@esy-ocaml/substs@0.0.1@d41d8cd9"
      ],
      "devDependencies": [
        "ocaml@4.7.1004@d41d8cd9",
        "@opam/jbuilder@opam:1.0+beta20.2@053ddcf2",
        "@opam/easy-format@opam:1.3.2@0484b3c4"
      ]
    },
    "@opam/astring@opam:0.8.3@4e5e17d5": {
      "id": "@opam/astring@opam:0.8.3@4e5e17d5",
      "name": "@opam/astring",
      "version": "opam:0.8.3",
      "source": {
        "type": "install",
        "source": [
          "archive:https://opam.ocaml.org/cache/md5/c5/c5bf6352b9ac27fbeab342740f4fa870#md5:c5bf6352b9ac27fbeab342740f4fa870",
          "archive:http://erratique.ch/software/astring/releases/astring-0.8.3.tbz#md5:c5bf6352b9ac27fbeab342740f4fa870"
        ],
        "opam": {
          "name": "astring",
          "version": "0.8.3",
          "path": "esy.lock/opam/astring.0.8.3"
        }
      },
      "overrides": [],
      "dependencies": [
        "ocaml@4.7.1004@d41d8cd9", "@opam/topkg@opam:1.0.1@a42c631e",
        "@opam/ocamlfind@opam:1.8.1@ff07b0f9",
        "@opam/ocamlbuild@opam:0.14.0@6ac75d03",
        "@opam/base-bytes@opam:base@19d0c2ff",
        "@esy-ocaml/substs@0.0.1@d41d8cd9"
      ],
      "devDependencies": [
        "ocaml@4.7.1004@d41d8cd9", "@opam/base-bytes@opam:base@19d0c2ff"
      ]
    },
    "@esy-ocaml/substs@0.0.1@d41d8cd9": {
      "id": "@esy-ocaml/substs@0.0.1@d41d8cd9",
      "name": "@esy-ocaml/substs",
      "version": "0.0.1",
      "source": {
        "type": "install",
        "source": [
          "archive:https://registry.npmjs.org/@esy-ocaml/substs/-/substs-0.0.1.tgz#sha1:59ebdbbaedcda123fc7ed8fb2b302b7d819e9a46"
        ]
      },
      "overrides": [],
      "dependencies": [],
      "devDependencies": []
    },
    "@esy-ocaml/reason@3.5.2@d41d8cd9": {
      "id": "@esy-ocaml/reason@3.5.2@d41d8cd9",
      "name": "@esy-ocaml/reason",
      "version": "3.5.2",
      "source": {
        "type": "install",
        "source": [
          "archive:https://registry.npmjs.org/@esy-ocaml/reason/-/reason-3.5.2.tgz#sha1:ac48b63fd66fbbc1d77ab6a2b7e3a1ba21a8f40b"
        ]
      },
      "overrides": [],
      "dependencies": [
        "ocaml@4.7.1004@d41d8cd9", "@opam/result@opam:1.5@6b753c82",
        "@opam/ocamlfind@opam:1.8.1@ff07b0f9",
        "@opam/ocaml-migrate-parsetree@opam:1.6.0@da2643e7",
        "@opam/merlin-extend@opam:0.5@a5dd7d4b",
        "@opam/menhir@opam:20200211@90483d81",
        "@opam/dune@opam:2.3.1@b10b59bf"
      ],
      "devDependencies": []
    }
  }
}